id,dissimilarity_0,dissimilarity_45,dissimilarity_90,dissimilarity_135,correlation_0,correlation_45,correlation_90,correlation_135,homogeneity_0,homogeneity_45,homogeneity_90,homogeneity_135,contrast_0,contrast_45,contrast_90,contrast_135,ASM_0,ASM_45,ASM_90,ASM_135,energy_0,energy_45,energy_90,energy_135,label
0,8.326385965,9.584760274,9.772068966,9.759275114,0.910041792,0.878457868,0.866647538,0.866014413,0.129697538,0.117275479,0.118200987,0.118529913,149.7888421,200.6000285,224.9675172,221.2216039,0.000506482,0.00045937,0.000432164,0.000441895,0.022505155,0.021432926,0.020788557,0.021021298,COMBINATION
1,34.78774929,35.7165,30.75974026,36.5905,0.341993244,0.331451366,0.512130207,0.251778581,0.043188307,0.039504704,0.046529412,0.042731047,2158.028015,2231.6545,1798.11039,2469.8645,0.000335946,0.000347625,0.000330118,0.000347875,0.018328831,0.018644704,0.018169153,0.018651407,COMBINATION
2,11.81525491,14.2026087,13.21484552,13.35872464,0.897276749,0.856012447,0.873561329,0.868022824,0.101159637,0.094214317,0.108143845,0.108462692,285.8739886,403.0668406,364.6060313,368.8393043,0.000269075,0.00023206,0.000270839,0.000260313,0.016403504,0.015233532,0.016457199,0.01613423,COMBINATION
3,20.85429391,29.73458206,29.45942982,28.37703874,0.805222262,0.631669497,0.685596543,0.715401556,0.080708025,0.067671165,0.074410051,0.058809855,1161.309485,2206.088812,1990.520833,1695.18871,0.000293031,0.000249411,0.000255933,0.000253218,0.01711816,0.015792752,0.015997892,0.015912837,COMBINATION
4,30.07140691,29.52869898,31.18129474,35.84390944,0.755745027,0.761200443,0.721973815,0.658554573,0.05300521,0.054030416,0.050283489,0.042829476,1816.311856,1751.930485,2027.419701,2490.294483,0.000162352,0.000180691,0.000161079,0.000150694,0.012741757,0.013442117,0.012691679,0.01227575,COMBINATION
5,41.85013018,43.56439503,37.37694112,38.18302248,0.521070828,0.498124423,0.573047084,0.568043025,0.046824541,0.037102096,0.052377467,0.055625727,3471.227266,3644.201937,3093.831926,3134.128599,5.35E-05,4.94E-05,5.89E-05,6.03E-05,0.007312824,0.007030251,0.007673577,0.007765495,COMBINATION
6,16.08161216,15.12488173,14.89732027,17.15597403,0.530215083,0.559230697,0.617814482,0.530635514,0.167992654,0.17950914,0.186226495,0.147449074,1106.98168,1044.020119,972.1844451,1110.53305,0.000874528,0.000944869,0.000905717,0.00075297,0.029572421,0.03073872,0.030095132,0.027440296,COMBINATION
7,9.770132758,21.886853,21.89395593,21.90227743,0.874246369,0.640477653,0.645559218,0.644659516,0.219528053,0.105106092,0.125489488,0.122926166,395.1692163,1121.232333,1103.85248,1107.350725,0.00053986,0.000234336,0.000242735,0.000250954,0.023234891,0.015308024,0.015579948,0.015841516,COMBINATION
8,32.50974659,36.20654944,31.69662221,34.60282875,0.410571225,0.295707856,0.427487604,0.337027011,0.051084153,0.036861118,0.04458762,0.042601532,2046.759503,2454.146916,1989.599402,2313.994266,0.000145641,0.000139346,0.000149398,0.000148357,0.01206817,0.011804509,0.012222829,0.012180208,COMBINATION
9,17.38206454,22.38656716,20.87463925,22.64421642,0.748817271,0.559600873,0.591034742,0.549829153,0.061270766,0.052394245,0.067531726,0.057369444,525.8908896,934.4429104,872.841811,941.331903,0.00023143,0.000213438,0.000226201,0.000213647,0.015212832,0.014609531,0.015039981,0.014616677,COMBINATION
10,7.605756778,7.880412309,6.990057737,7.729291381,0.956221929,0.951098823,0.9617058,0.954299681,0.157968588,0.157536213,0.170604701,0.158288343,150.2000847,167.3154105,130.7110155,156.3543365,0.000344229,0.000339539,0.000369899,0.000348346,0.0185534,0.018426597,0.019232755,0.018664042,COMBINATION
11,5.095670779,6.065245222,5.632618409,5.765632889,0.982986984,0.973324147,0.975223163,0.976029466,0.237748546,0.226727994,0.257725695,0.228083333,80.42686755,126.4249699,118.3193533,113.6168169,0.000433563,0.000396936,0.000447935,0.000404275,0.020822184,0.019923256,0.021164481,0.020106596,COMBINATION
12,4.97648291,5.811500781,5.775352771,5.89652903,0.944483722,0.927685677,0.927966929,0.921467038,0.234924779,0.220482042,0.228743562,0.223100728,83.3139342,108.9260157,109.5105951,118.3080028,0.000875217,0.000811789,0.00083649,0.000818429,0.029584067,0.028491918,0.028922141,0.028608202,COMBINATION
13,4.633776759,5.975192331,6.261766009,6.246739392,0.973180645,0.955533542,0.94948668,0.950492976,0.237334749,0.207900084,0.209907959,0.202382133,67.70512476,111.9768151,127.4171827,124.6865218,0.000580179,0.000507805,0.000521586,0.00049391,0.024086907,0.022534518,0.022838262,0.022224084,COMBINATION
14,4.328358966,5.062750932,5.089920582,5.226120928,0.967250587,0.954631951,0.952641307,0.950989443,0.241659175,0.226111508,0.233917751,0.224828328,54.58824951,76.05032155,79.85138413,82.1827924,0.000725486,0.000665309,0.000700538,0.00067136,0.026934849,0.02579359,0.026467683,0.02591062,COMBINATION
15,6.299548219,7.035638298,6.511771999,7.053969828,0.946212393,0.933234737,0.942145393,0.933177111,0.194605395,0.184677926,0.200960632,0.180802056,117.6972648,145.8827593,126.5339564,146.019765,0.000423653,0.000395947,0.0004478,0.000398243,0.020582826,0.019898425,0.021161289,0.019956014,COMBINATION
16,5.461237534,6.101514605,5.695341511,6.383844212,0.965863292,0.95647349,0.961505053,0.954424215,0.225643251,0.216602504,0.241360102,0.205900597,107.0603937,136.7617202,121.6800688,143.197109,0.000443087,0.000425022,0.000469444,0.000395842,0.021049635,0.020616072,0.021666667,0.019895788,COMBINATION
17,5.052193556,5.675201346,5.641797034,5.929129102,0.97381456,0.96125758,0.959034246,0.957637948,0.222806993,0.215027811,0.226524068,0.209450779,74.7526155,110.8027407,117.3123548,121.139509,0.000511302,0.000489895,0.000516036,0.000477069,0.022611995,0.022133566,0.022716415,0.021841899,COMBINATION
18,7.569894783,9.024705493,8.575998419,8.450480827,0.969294462,0.952849696,0.95488305,0.958466581,0.164918059,0.1494641,0.167097677,0.154254434,149.2477873,229.5196207,219.9860269,202.1791682,0.000219575,0.000195198,0.000215691,0.000205352,0.014818051,0.01397132,0.014686439,0.014330102,COMBINATION
19,7.579345186,8.989887607,8.143791476,8.275456786,0.974144988,0.960384544,0.964285307,0.966168248,0.162520807,0.151598896,0.186127789,0.160913732,152.9841817,235.1196508,213.2117882,200.7957056,0.000208169,0.000188964,0.000228566,0.000203542,0.01442807,0.013746421,0.015118401,0.014266831,COMBINATION
20,4.874056303,5.766074648,5.256737979,5.369629763,0.983905476,0.973140712,0.974924611,0.976281663,0.233273081,0.216407726,0.249545973,0.230726286,67.28876993,112.4710572,105.2100812,99.31585527,0.00038347,0.000351035,0.00041256,0.000376362,0.019582389,0.018735933,0.020311562,0.019400039,COMBINATION
21,7.402950602,8.693538887,8.792988309,8.603828585,0.939944545,0.913226152,0.909832645,0.9146653,0.146901669,0.133144404,0.135265616,0.135613545,120.0439726,172.8144909,179.3137053,169.9574769,0.000371751,0.000340671,0.000345631,0.000345375,0.019280847,0.01845728,0.018591142,0.018584272,COMBINATION
22,5.522830764,6.715885323,6.5888455,6.545534319,0.946147421,0.920643708,0.920726408,0.923090489,0.205701916,0.180607014,0.190005605,0.18295286,85.95485172,126.4427155,126.2890324,122.5460873,0.000584875,0.000511555,0.000535005,0.000514849,0.02418419,0.02261758,0.023130176,0.022690292,COMBINATION
23,6.982850817,7.837074769,7.485550777,7.868109148,0.918173631,0.896376061,0.903967334,0.895109718,0.175999524,0.164927272,0.176365471,0.166446627,136.7807847,172.9969978,161.9930135,175.1198582,0.000579174,0.000541059,0.000575261,0.000550841,0.02406603,0.023260672,0.023984591,0.023470008,COMBINATION
24,5.217105617,5.99048864,5.728890659,6.054405578,0.963875935,0.94408891,0.946832365,0.944529047,0.217955278,0.213432411,0.23253725,0.206630559,81.5624586,126.8368404,122.2136598,125.8398245,0.000557288,0.000537903,0.000585075,0.0005271,0.023606955,0.023192738,0.024188334,0.022958654,COMBINATION
25,5.438535083,6.180535521,5.81943413,6.306199663,0.961327611,0.949809576,0.955045634,0.948540301,0.222118793,0.208739634,0.221913488,0.205605604,85.33818237,110.5417869,99.68760332,113.3230226,0.000601541,0.000572054,0.000610795,0.000554246,0.024526325,0.023917655,0.024714274,0.023542422,COMBINATION
26,6.45556789,7.029258324,6.088042931,7.137219017,0.955879429,0.953353589,0.96898834,0.953414713,0.211413297,0.198988906,0.213102673,0.193268642,154.8282307,163.656395,109.7633622,163.4499669,0.000408148,0.000379714,0.000406025,0.000363486,0.020202682,0.019486248,0.020150053,0.019065298,COMBINATION
27,3.653083392,4.084754778,3.731355262,4.041687703,0.970075169,0.963842994,0.966242772,0.960545669,0.295040439,0.276972992,0.308839595,0.285190386,44.50248569,54.13717694,50.94728804,59.07659574,0.000893043,0.000839521,0.00094891,0.000852833,0.029883829,0.028974488,0.030804377,0.029203298,COMBINATION
28,17.41697206,22.96807018,25.05656996,25.68830409,0.848718743,0.749549281,0.701032671,0.701689911,0.089204645,0.063439702,0.055699054,0.052728228,643.9831654,1066.780234,1273.865352,1271.33462,0.000185468,0.000148476,0.000145436,0.000141623,0.013618649,0.012185091,0.012059691,0.011900549,COMBINATION
29,14.94525882,16.32292398,16.77405623,18.76584795,0.788531654,0.771987861,0.71207601,0.658163729,0.081509879,0.077453119,0.09428403,0.07586721,477.9869446,528.997076,694.3300101,792.8102924,0.000319544,0.000308553,0.000332031,0.000299627,0.017875781,0.017565678,0.018221721,0.017309744,COMBINATION
30,7.706734679,9.825785642,9.442937675,9.224694679,0.96341961,0.941967231,0.947283365,0.950568405,0.181004171,0.15381113,0.171009561,0.165647927,204.1644396,324.0884918,296.1250474,276.0320633,0.000241863,0.000201192,0.000228391,0.000214828,0.015551949,0.014184199,0.015112598,0.014657021,COMBINATION
31,20.30123591,20.47987115,20.29487292,20.45647848,0.887184211,0.884426381,0.886712935,0.884868326,0.050449942,0.049912701,0.0505099,0.050073526,672.1275748,689.709718,678.4379017,687.0697442,6.04E-05,6.01E-05,6.06E-05,6.02E-05,0.007773154,0.007754151,0.007786438,0.007756357,COMBINATION
32,18.08039748,18.35882048,18.24145537,18.51465378,0.896458024,0.891869966,0.893497191,0.88973061,0.056912866,0.05627393,0.056634345,0.055820573,541.7729594,565.5350632,560.0112345,576.7185631,7.66E-05,7.62E-05,7.65E-05,7.58E-05,0.008754604,0.008728744,0.008749228,0.008703951,COMBINATION
33,17.17857757,17.55414407,17.58670197,17.61290782,0.87198857,0.864620999,0.864760035,0.863521586,0.057878209,0.057128305,0.057230145,0.056953109,478.8233812,507.1647618,508.5789501,511.2491264,8.77E-05,8.63E-05,8.61E-05,8.62E-05,0.009362959,0.009292221,0.00927983,0.009283015,COMBINATION
34,17.64244798,17.98939868,17.93517095,18.07125632,0.887050341,0.881020335,0.88230676,0.879925779,0.056293794,0.055553741,0.055756085,0.05537331,507.335535,534.4604885,530.3227958,539.3577558,7.71E-05,7.60E-05,7.60E-05,7.57E-05,0.008781275,0.008715442,0.008715282,0.00869779,COMBINATION
35,15.86263902,16.2160227,16.25705144,16.23153793,0.900926464,0.895041185,0.894692679,0.894817058,0.062715608,0.062118202,0.062175454,0.062120012,410.8654308,435.8191482,437.4355991,436.7143726,9.27E-05,9.14E-05,9.11E-05,9.13E-05,0.009628352,0.009557763,0.009546169,0.009553547,COMBINATION
36,16.06711334,16.34669645,16.27711195,16.41769192,0.894427168,0.889433552,0.890658861,0.887733156,0.062325133,0.06176141,0.06234878,0.06173679,425.8789986,446.348204,442.8901346,453.2047556,8.90E-05,8.79E-05,8.81E-05,8.76E-05,0.009436502,0.009377179,0.009385507,0.009360041,COMBINATION
37,15.83146061,16.50157731,16.62723752,16.5483232,0.911645493,0.901334608,0.900150649,0.900932895,0.064965022,0.06397293,0.063692667,0.063384815,422.9991489,472.8262567,480.2071891,474.7228703,8.50E-05,8.26E-05,8.21E-05,8.24E-05,0.009217627,0.00908618,0.009059305,0.009075146,COMBINATION
38,16.41364933,16.76109423,16.86136309,16.93443714,0.878991377,0.872012478,0.870410012,0.868459821,0.060792433,0.059939359,0.059875395,0.059772524,444.1275582,470.2675126,476.4674478,483.2912086,9.56E-05,9.45E-05,9.41E-05,9.38E-05,0.009779994,0.009719855,0.009700704,0.009684281,COMBINATION
39,17.32680067,17.69152744,17.73404539,17.77072338,0.912901665,0.90775954,0.907305519,0.90641626,0.060118191,0.059348804,0.059681159,0.059267922,504.660626,535.18429,540.5986505,542.9448276,7.76E-05,7.66E-05,7.65E-05,7.64E-05,0.008809059,0.008753855,0.008744284,0.00873948,COMBINATION
40,16.1628518,16.58368519,16.65238124,16.67618814,0.912217749,0.906034868,0.905507575,0.904898789,0.062853595,0.061779441,0.061644278,0.061619505,434.7347051,465.5604776,468.1626263,471.1574485,8.42E-05,8.28E-05,8.25E-05,8.24E-05,0.009174025,0.009100343,0.009084987,0.009079068,COMBINATION
41,16.02787209,16.31367464,16.32725719,16.32862265,0.883146567,0.877906735,0.877815081,0.877096026,0.061626059,0.061233354,0.060992037,0.061070172,417.6513891,436.6586376,437.7465673,439.5384954,9.26E-05,9.15E-05,9.14E-05,9.15E-05,0.009623125,0.009566057,0.00956241,0.009564742,COMBINATION
42,16.95977183,17.3798123,17.33726475,17.26400769,0.855542089,0.844891147,0.845827308,0.846862382,0.058790546,0.057837269,0.058304079,0.058342219,470.5887606,506.3203206,507.0222148,499.8807678,0.000107827,0.000106615,0.000106502,0.00010688,0.010383955,0.010325459,0.010319963,0.010338266,COMBINATION
43,12.23073928,12.9932373,13.0191997,12.9294838,0.919894505,0.905292235,0.905614035,0.906202266,0.082458888,0.080188236,0.079942408,0.080307753,262.5952646,310.5864743,309.9847156,307.5763886,0.00013334,0.000128716,0.000128338,0.00012854,0.011547289,0.011345326,0.011328638,0.01133755,COMBINATION
44,12.64901535,13.44266947,13.51439939,13.4233141,0.918728817,0.90125124,0.900071065,0.901919296,0.079339223,0.077425423,0.077441626,0.077237608,278.6041574,339.1455565,343.5648926,336.823504,0.00013845,0.000134474,0.000133964,0.000134171,0.011766485,0.011596291,0.011574291,0.01158321,COMBINATION
45,12.24385441,12.93653617,12.93380182,12.9330752,0.898108105,0.881734394,0.88360036,0.882117445,0.082815737,0.081087045,0.081323113,0.08083607,269.5681365,313.6527879,310.3922557,312.6327804,0.000186935,0.000181782,0.000181376,0.000181881,0.013672418,0.013482647,0.013467603,0.013486336,COMBINATION
46,9.268992108,9.969776387,9.902585477,9.848329875,0.934630751,0.920095677,0.920585041,0.921266324,0.116126054,0.112407273,0.114322819,0.113259855,175.1240452,214.5145779,214.5621589,211.3482267,0.000268149,0.00025948,0.000261063,0.000261336,0.016375261,0.016108369,0.016157444,0.016165881,COMBINATION
47,11.08149909,11.66869745,11.50140242,11.76280955,0.939598817,0.929137729,0.930903504,0.927621219,0.092651848,0.091381083,0.092824449,0.090263173,227.2637497,267.0342715,260.5395779,272.7458262,0.000147552,0.000144584,0.000146234,0.000143306,0.012147111,0.012024302,0.012092713,0.011971049,COMBINATION
48,9.046697451,10.0843783,10.08806959,9.915959912,0.955226056,0.941485433,0.941519237,0.94420077,0.112816515,0.106280509,0.10711478,0.107909657,154.1445108,202.1685246,202.5689077,192.7913831,0.000243338,0.000232314,0.000234179,0.000235111,0.015599279,0.015241834,0.015302919,0.015333332,COMBINATION
49,11.40288982,12.12665617,11.87698185,12.00031698,0.920007917,0.905227315,0.910088636,0.908609439,0.089441701,0.086859302,0.087834106,0.087155032,233.0621742,276.1366872,262.6057352,266.3140583,0.000184662,0.000179186,0.000181995,0.000180316,0.013589049,0.013386046,0.013490566,0.01342819,COMBINATION
50,10.43654157,11.11501899,11.03936611,11.10053355,0.918227077,0.903436762,0.906479331,0.9042453,0.099789002,0.096524079,0.097410836,0.096560848,209.2468514,246.9927505,240.4530333,244.9073863,0.00024576,0.000239272,0.000240389,0.000239084,0.015676724,0.015468433,0.015504473,0.01546233,COMBINATION
51,24.74715434,24.67616758,21.75667334,25.38221154,0.752376018,0.745447059,0.794184075,0.736216767,0.049815232,0.056863405,0.070422508,0.050249149,1221.142367,1221.758929,974.0171004,1265.128262,0.000116329,0.00011973,0.000127439,0.000116104,0.010785588,0.010942129,0.011288879,0.010775151,DRY-NATURAL
52,34.78774929,35.7165,30.75974026,36.5905,0.341993244,0.331451366,0.512130207,0.251778581,0.043188307,0.039504704,0.046529412,0.042731047,2158.028015,2231.6545,1798.11039,2469.8645,0.000335946,0.000347625,0.000330118,0.000347875,0.018328831,0.018644704,0.018169153,0.018651407,DRY-NATURAL
53,28.7056903,31.64607843,26.65018832,30.45490196,0.700543395,0.664767197,0.752880253,0.689407925,0.079297912,0.062867563,0.079959389,0.069486631,2033.965951,2272.057843,1666.958569,2106.265196,0.000286154,0.000284055,0.000338145,0.000291234,0.016916091,0.016853943,0.018388724,0.017065584,DRY-NATURAL
54,19.55514706,21.04620576,16.02316785,20.48980857,0.873564687,0.86347839,0.906891647,0.862951677,0.125010443,0.124651188,0.174008375,0.123512023,1105.657821,1202.408002,843.5981763,1207.006542,0.000513607,0.00057014,0.000830823,0.000545909,0.022662892,0.023877609,0.028824004,0.023364704,DRY-NATURAL
55,20.54661376,22.70193555,17.99269841,22.25654196,0.820670543,0.800632596,0.876400376,0.81007875,0.104418627,0.092982431,0.110932453,0.092162284,1040.160794,1169.299362,745.362963,1111.989349,0.000277723,0.000263801,0.000332085,0.000262144,0.016665029,0.016241965,0.018223193,0.016190862,DRY-NATURAL
56,23.58363177,25.97581699,23.2240831,26.40501089,0.691000799,0.652139909,0.719780505,0.642849242,0.087294059,0.078154155,0.091182721,0.074969188,1235.55751,1355.560784,1143.356159,1396.50305,0.000286062,0.000270783,0.000380409,0.000291323,0.016913369,0.016455473,0.019504066,0.017068191,DRY-NATURAL
57,36.9699187,32.40659341,25.08,37.31410256,0.360819919,0.500846095,0.669773721,0.354465433,0.089219123,0.084411808,0.132206766,0.090215215,2827.073984,2125.717949,1401.723478,2750.596154,0.001213233,0.001321633,0.002555009,0.001354758,0.034831492,0.036354273,0.050547101,0.036807036,DRY-NATURAL
58,25.34395302,29.73153409,25.60257371,28.56882748,0.783336631,0.745368355,0.822765417,0.767854732,0.080925268,0.060276629,0.079671696,0.065966714,1888.273738,2213.985666,1579.098826,2018.764334,0.000219429,0.000190455,0.000223027,0.000203328,0.014813134,0.013800545,0.014934086,0.014259321,DRY-NATURAL
59,19.38564356,19.60801821,13.44922813,19.25210084,0.866267652,0.875659539,0.920497115,0.861885976,0.089372489,0.088808714,0.167534922,0.099946493,873.7988449,820.9602591,516.409777,911.179972,0.000499406,0.000522099,0.00083467,0.00057949,0.022347402,0.022849489,0.028890648,0.024072606,DRY-NATURAL
60,11.89816777,18.92125382,18.22782651,16.72617227,0.837324515,0.616345593,0.627726826,0.663425241,0.122908675,0.075546456,0.095437904,0.115100109,315.3248162,767.0448522,768.2758285,669.7129205,0.000460124,0.000328846,0.000355686,0.000419939,0.021450499,0.018134117,0.018859633,0.020492411,DRY-NATURAL
61,32.62108937,33.60308359,27.74013158,34.17023445,0.687672521,0.668611069,0.749576242,0.660593997,0.038991511,0.03808767,0.05505665,0.034735855,2006.704101,2111.138252,1578.685794,2164.179664,0.000111273,0.000112151,0.000120905,0.000109237,0.010548617,0.010590134,0.010995666,0.010451629,DRY-NATURAL
62,13.35250794,17.8477531,16.52898413,15.50100077,0.86144495,0.784419697,0.805140397,0.812043787,0.133119057,0.116050104,0.148461543,0.140171083,513.4281905,804.904313,739.1353333,701.8065922,0.000529141,0.000586955,0.001079151,0.000603488,0.023003062,0.024227161,0.03285044,0.024565996,DRY-NATURAL
63,11.84463145,13.78202247,11.877457,14.2070626,0.46840804,0.45140551,0.647843374,0.389791402,0.185549883,0.138975797,0.165137115,0.139191514,521.3113604,549.7380417,397.4785012,616.8574639,0.001744152,0.001334698,0.001442055,0.001372649,0.041763047,0.036533519,0.037974402,0.037049282,DRY-NATURAL
64,31.31516291,30.38229443,23.04079696,29.13925729,0.633692088,0.656898725,0.776315404,0.652289348,0.078998779,0.089892765,0.117950057,0.086683701,1867.573308,1826.213859,1259.872549,1850.71817,0.00097479,0.001190215,0.001490412,0.000948302,0.031221623,0.034499492,0.038605851,0.030794517,DRY-NATURAL
65,15.92069331,15.63631791,12.48168054,16.30462777,0.782624889,0.802315677,0.858975498,0.781911176,0.134577331,0.11619543,0.144026932,0.112468451,718.5680719,646.2683099,474.9808612,715.2600268,0.00036678,0.000329759,0.000365409,0.000322227,0.019151493,0.018159256,0.019115678,0.017950677,DRY-NATURAL
66,16.96849518,16.0205314,12.39136367,16.89347826,0.644229739,0.690114733,0.799727826,0.655760412,0.147337497,0.135712725,0.234274458,0.166600346,880.5033695,763.7535197,496.9095436,849.1157005,0.000405372,0.000404716,0.000632589,0.000440154,0.020133851,0.020117544,0.025151315,0.020979859,DRY-NATURAL
67,30.59173977,28.99604995,20.89006606,30.09390928,0.75977534,0.78362697,0.891199686,0.786740884,0.133937828,0.145818862,0.181914819,0.149027542,2640.392909,2391.244266,1185.364951,2358.683614,0.003071332,0.003783347,0.005794711,0.003993474,0.055419597,0.061508916,0.076122997,0.063193943,DRY-NATURAL
68,26.79113924,28.42427885,21.56956116,29.92139423,0.61387475,0.616412216,0.79101017,0.583932742,0.068703494,0.073495421,0.082329418,0.059753372,1987.649186,1957.904087,1036.866013,2124.151683,0.000285999,0.000314522,0.000338916,0.000286266,0.016911492,0.017734781,0.018409658,0.016919389,DRY-NATURAL
69,43.92087629,39.88180272,26.4977591,40.9611678,0.659329387,0.713863282,0.856499841,0.689056231,0.074476128,0.097744056,0.152536632,0.0827615,4140.890979,3417.143141,1719.311204,3710.97534,0.000776716,0.001033279,0.001798955,0.000778434,0.027869633,0.032144657,0.042414088,0.02790043,DRY-NATURAL
70,5.112805042,6.00729054,5.755588031,6.0295348,0.949844692,0.934189446,0.938813078,0.932914445,0.231282178,0.207676907,0.222710138,0.210245243,78.75986667,103.6904195,97.77963513,105.7241616,0.000810648,0.000722079,0.000763957,0.000732919,0.028471879,0.026871521,0.02763977,0.027072481,DRY-NATURAL
71,4.292273169,4.955397283,5.123499677,5.351986417,0.971117044,0.96586518,0.962131363,0.957265207,0.260170865,0.240954916,0.250119301,0.234598118,57.71224464,68.40897944,75.91543087,85.65972172,0.000734112,0.000676415,0.000702106,0.000647566,0.027094502,0.026007983,0.026497276,0.025447321,DRY-NATURAL
72,4.251406967,5.211161197,5.099826909,5.152776776,0.96687905,0.954403137,0.958107031,0.955506618,0.263767,0.235357289,0.245980049,0.235959466,59.00388818,81.40492848,74.63221712,79.44856353,0.000757604,0.000670622,0.000711789,0.000669207,0.027524612,0.02589637,0.026679375,0.025869027,DRY-NATURAL
73,5.337027554,6.464929679,6.785088402,6.632774372,0.961739591,0.94323605,0.937049554,0.940107985,0.223501942,0.207503817,0.205303246,0.202427161,85.87948126,127.3770946,141.1796405,134.420327,0.000643782,0.000589344,0.000595894,0.000581254,0.025372859,0.024276401,0.024410946,0.024109208,DRY-NATURAL
74,3.669262767,4.364286573,4.322416808,4.469960332,0.966051285,0.950565999,0.950694376,0.948705985,0.296175181,0.277532837,0.289462503,0.27489221,47.29403374,69.33346556,69.66423301,71.96463517,0.001284223,0.001193058,0.001263322,0.001178012,0.035836061,0.03454067,0.035543242,0.034322184,DRY-NATURAL
75,5.725839853,6.390230196,6.242417527,6.838980046,0.967103389,0.953967155,0.954245095,0.948729212,0.211266052,0.202532035,0.217001426,0.190197935,95.54075878,133.8757032,133.4181081,149.0950625,0.000518299,0.000504223,0.000535742,0.000471979,0.022766177,0.022454916,0.023146104,0.021725076,DRY-NATURAL
76,3.485593134,4.763904916,4.253620541,3.942547181,0.992937348,0.984260337,0.986806232,0.990843161,0.299028995,0.253659593,0.28920712,0.279079192,31.25691547,69.83739332,58.78637611,40.63153624,0.000507815,0.000410565,0.000486345,0.000475562,0.022534755,0.020262412,0.02205324,0.021807375,DRY-NATURAL
77,4.643979136,5.499837721,5.130552095,5.227623512,0.98753787,0.981822189,0.983635421,0.983687561,0.243114559,0.217145502,0.236058614,0.226097978,59.88183565,87.50754297,79.15912113,78.5312778,0.000410502,0.000350115,0.000374617,0.000364129,0.020260839,0.018711365,0.019355031,0.019082158,DRY-NATURAL
78,3.429174201,3.987465441,3.409372679,3.641702729,0.989881201,0.984339893,0.987321796,0.988004793,0.306527753,0.285558488,0.335716187,0.298567526,32.93260284,51.05259947,41.59443653,39.1096496,0.000796344,0.00071864,0.000821523,0.000735056,0.028219567,0.026807457,0.028662216,0.027111914,DRY-NATURAL
79,7.743012909,8.002996153,5.915146379,7.883576752,0.96186822,0.963634544,0.980257857,0.963625624,0.230722356,0.221159487,0.255524635,0.225902813,246.1785371,234.6811546,127.9047789,234.7411137,0.000378778,0.000365568,0.000438693,0.000378148,0.019462216,0.019119826,0.020944995,0.019446017,DRY-NATURAL
80,5.426205098,6.299059382,6.3036433,6.308441519,0.954660149,0.936538548,0.933398409,0.933296434,0.203109441,0.188974901,0.195044174,0.190555682,81.94960879,114.6541742,120.1664401,120.5070952,0.000543939,0.000492925,0.00051943,0.000507757,0.023322494,0.022201923,0.022791011,0.022533474,DRY-NATURAL
81,5.522830764,6.715885323,6.5888455,6.545534319,0.946147421,0.920643708,0.920726408,0.923090489,0.205701916,0.180607014,0.190005605,0.18295286,85.95485172,126.4427155,126.2890324,122.5460873,0.000584875,0.000511555,0.000535005,0.000514849,0.02418419,0.02261758,0.023130176,0.022690292,DRY-NATURAL
82,6.004410387,6.938087511,7.061704918,6.920657531,0.946956034,0.926771259,0.924336317,0.92613476,0.193803524,0.179666912,0.180946286,0.18184935,100.6199965,139.0162099,143.7373835,140.2324979,0.000476553,0.000439656,0.000445051,0.000440872,0.021830084,0.020967967,0.021096233,0.020996953,DRY-NATURAL
83,6.590544226,7.13817466,6.28751108,7.36120327,0.970485996,0.968416806,0.977230437,0.967411595,0.206794389,0.195735422,0.206864603,0.185592716,132.4372549,141.9419792,103.2978426,146.4724727,0.000378916,0.000352313,0.000379726,0.000339679,0.019465772,0.018769997,0.019486558,0.018430372,DRY-NATURAL
84,6.648774462,7.033537685,6.109137299,7.188111552,0.95321272,0.952384461,0.966252325,0.949434085,0.217401368,0.204088355,0.219401898,0.203250328,152.3692848,155.1833514,111.6040883,164.8201827,0.00049878,0.000467121,0.000503423,0.000459511,0.022333373,0.021612973,0.022437095,0.021436218,DRY-NATURAL
85,5.942199464,7.053870658,6.613817949,7.121132348,0.970717494,0.961944562,0.968075774,0.962567392,0.230194607,0.213382818,0.218839389,0.203075177,123.1644078,159.7126698,134.8388545,157.0993268,0.000469734,0.00042238,0.000438331,0.000404307,0.021673338,0.020551881,0.020936356,0.02010738,DRY-NATURAL
86,5.59510083,6.504664022,5.980573657,6.299516168,0.952198144,0.936261366,0.948376922,0.943739067,0.233890028,0.216853773,0.22685089,0.212689033,104.8341808,139.263974,113.4979487,122.9057008,0.000659453,0.000605318,0.000639179,0.000597362,0.025679817,0.024603209,0.025281991,0.024440998,DRY-NATURAL
87,4.637530661,5.616113716,5.254842361,5.75195336,0.968000561,0.955969671,0.960664202,0.954120488,0.259718485,0.230423836,0.247457008,0.228745917,65.74783211,90.71946748,82.3702924,94.52821854,0.000710271,0.000624839,0.000679101,0.000623265,0.026650915,0.024996771,0.026059558,0.024965272,DRY-NATURAL
88,6.684200789,7.252025484,6.231585851,7.412095805,0.958738194,0.95724185,0.969355239,0.955013681,0.209004708,0.190778218,0.20737936,0.185715179,151.7003503,157.216871,113.7265848,165.4166096,0.000358887,0.000318448,0.000354777,0.000310912,0.018944324,0.017845116,0.018835522,0.017632707,DRY-NATURAL
89,19.47110477,19.77354433,19.67864902,19.69571488,0.876126804,0.871205454,0.872236047,0.872184005,0.052639172,0.05241038,0.05244838,0.052522468,616.2806872,640.749272,635.4561921,635.854492,6.98E-05,6.89E-05,6.94E-05,6.93E-05,0.008354962,0.008301795,0.00832795,0.00832229,DRY-NATURAL
90,18.91012269,19.34867719,19.39762632,19.36546185,0.87655977,0.869501924,0.868724236,0.869188152,0.054097284,0.053126218,0.053191741,0.053118759,590.0265517,623.8920652,627.3816445,625.4124838,6.94E-05,6.83E-05,6.82E-05,6.83E-05,0.008331769,0.008266488,0.008261288,0.008262457,DRY-NATURAL
91,17.46996092,17.86554223,18.09265809,18.03359966,0.828723793,0.818852089,0.814679319,0.813198931,0.056839866,0.056248246,0.055802467,0.056201131,504.8249883,534.8641651,548.0714327,551.5075134,9.98E-05,9.82E-05,9.71E-05,9.78E-05,0.009991774,0.009909096,0.009854951,0.00989137,DRY-NATURAL
92,18.01822627,18.4851991,18.40210893,18.40985543,0.870498931,0.862522166,0.864498194,0.86348227,0.0552549,0.054484343,0.054927251,0.054605138,531.7087298,565.8631945,560.4287927,561.9019234,0.000113454,0.000112051,0.000111886,0.000112033,0.010651463,0.010585404,0.010577621,0.010584584,DRY-NATURAL
93,14.20451054,14.88923064,14.95361725,14.95151452,0.909419141,0.896670452,0.89621916,0.896113265,0.072561644,0.070775564,0.070989625,0.070574717,357.6461814,408.4626906,410.1665552,410.6371726,0.000106905,0.000104054,0.000103724,0.000103255,0.010339471,0.010200681,0.01018448,0.01016145,DRY-NATURAL
94,17.22536255,17.53952214,17.46877458,17.41377292,0.852195246,0.845563237,0.847734525,0.848060049,0.058098054,0.057185792,0.057305698,0.057668133,486.1501909,508.205479,501.8495159,499.9967028,0.000113264,0.000112558,0.000112663,0.000112909,0.010642556,0.010609323,0.010614285,0.010625887,DRY-NATURAL
95,18.04724825,18.6677177,18.60233585,18.44328978,0.854744417,0.842817311,0.8448236,0.846572172,0.0552653,0.053999665,0.054337953,0.054825132,539.7817043,584.9651127,578.5203661,570.9559628,0.000103654,0.000101875,0.000102041,0.000102407,0.010181076,0.010093292,0.010101553,0.010119627,DRY-NATURAL
96,18.23626692,18.71401467,18.7802239,18.71391002,0.752592946,0.736856142,0.736098779,0.73740556,0.054913685,0.053976227,0.053622971,0.053736973,551.4425234,587.6860145,588.8155189,586.3949666,0.00013704,0.000135149,0.000134947,0.000135017,0.011706388,0.011625362,0.011616682,0.011619665,DRY-NATURAL
97,11.85577286,12.2935018,12.36459153,12.47389103,0.92567136,0.915865133,0.915146339,0.912899162,0.084443968,0.082607548,0.08232184,0.081859409,244.6181674,275.5904297,277.6486218,285.3022225,0.000141204,0.000139077,0.000138443,0.00013758,0.011882948,0.011793088,0.011766184,0.011729437,DRY-NATURAL
98,8.801237418,9.615200985,9.743119516,9.666783448,0.941996435,0.926227227,0.924834639,0.926439257,0.117244845,0.112261544,0.111331972,0.111528622,158.128269,201.4201428,205.1946899,200.835901,0.000233028,0.000222847,0.000221786,0.000221506,0.015265253,0.01492805,0.014892497,0.014883068,DRY-NATURAL
99,8.637247801,9.316715502,9.376009077,9.47516956,0.957686409,0.947027433,0.946106755,0.944436601,0.118313626,0.115306957,0.11637814,0.114152689,146.9880619,184.6277421,189.8954523,193.6383146,0.000217245,0.000210886,0.000210566,0.000208479,0.014739238,0.014521928,0.014510907,0.014438817,DRY-NATURAL
100,8.690835559,9.372223031,9.464308623,9.524404264,0.950299469,0.938301407,0.937408341,0.935790964,0.116525761,0.112412969,0.113141105,0.111330689,147.9483544,183.7208138,187.7912042,191.1964034,0.000227752,0.000218168,0.000217289,0.000216573,0.01509147,0.014770518,0.014740724,0.014716411,DRY-NATURAL
101,12.24385441,12.93653617,12.93380182,12.9330752,0.898108105,0.881734394,0.88360036,0.882117445,0.082815737,0.081087045,0.081323113,0.08083607,269.5681365,313.6527879,310.3922557,312.6327804,0.000186935,0.000181782,0.000181376,0.000181881,0.013672418,0.013482647,0.013467603,0.013486336,DRY-NATURAL
102,11.21077459,11.69814454,11.49042209,11.67707537,0.946913767,0.940613527,0.942549306,0.940198088,0.090429145,0.088160052,0.090551213,0.088625645,220.3552628,246.5554135,238.6020711,248.2755599,0.000136726,0.000132965,0.000134759,0.000132806,0.01169297,0.01153103,0.011608561,0.011524164,DRY-NATURAL
103,11.82704664,12.37344089,12.37941301,12.53932952,0.941931212,0.934412665,0.935016548,0.931829692,0.086158613,0.08431888,0.08501176,0.083906198,251.1612733,284.358135,283.0081876,295.5331598,0.000120644,0.000117292,0.000116759,0.000115755,0.010983816,0.01083012,0.010805487,0.010758961,DRY-NATURAL
104,9.770110311,10.36622775,10.13995915,10.25099643,0.954314374,0.946123931,0.948424774,0.947978644,0.105792505,0.102841027,0.105231927,0.103683953,179.2188978,211.385938,202.3950091,204.1277573,0.000182286,0.000178135,0.000182624,0.000179493,0.013501345,0.01334671,0.013513862,0.013397508,DRY-NATURAL
105,10.89547135,11.47772055,11.40595915,11.44692365,0.917610366,0.905044471,0.906744394,0.906386085,0.093543278,0.090893836,0.091923847,0.091485408,213.5754056,246.7298499,243.0363979,243.2423561,0.000200473,0.000196586,0.000197525,0.00019588,0.014158841,0.014020911,0.014054371,0.013995701,DRY-NATURAL
106,12.42761254,13.12857017,12.92267625,12.9697961,0.920166912,0.90705826,0.910175195,0.910232783,0.081736691,0.079293175,0.081111856,0.080595105,272.2588438,317.4674544,307.10277,306.6203955,0.000148128,0.000143844,0.000145543,0.000144522,0.012170793,0.011993488,0.012064129,0.012021725,DRY-NATURAL
107,16.95322466,19.52896787,17.53685897,19.81888997,0.682091905,0.569377301,0.621290427,0.599506951,0.066549114,0.070308002,0.08636259,0.056698267,590.8974722,797.2246835,713.3125,750.6372931,0.000308986,0.000297025,0.000319218,0.0002871,0.017577997,0.017234423,0.017866679,0.01694402,OILY
108,18.63786189,19.83850823,19.32325232,19.76213788,0.461356191,0.444788752,0.4567107,0.442470124,0.193000655,0.173341474,0.186839759,0.175265131,1559.355191,1610.711131,1587.408079,1617.6217,0.000522682,0.000462562,0.000494522,0.000471618,0.022862237,0.021507244,0.022237859,0.021716775,OILY
109,25.40453074,32.33497317,27.13965142,28.55199016,0.67719292,0.525683354,0.62396341,0.618359329,0.060609608,0.046617817,0.065654791,0.05387135,1359.762675,1953.91212,1513.05817,1569.545505,0.000136607,0.00012322,0.000147848,0.000131252,0.011687882,0.01110045,0.012159273,0.011456515,OILY
110,31.99128269,34.24434783,24.83003394,32.15028986,0.667561373,0.647125147,0.8059642,0.678979649,0.061549731,0.059053655,0.097596564,0.071103817,2481.351737,2623.135072,1501.019796,2382.868841,0.000239539,0.000245484,0.000397475,0.000300263,0.015477042,0.015667934,0.01993678,0.017328086,OILY
111,19.80563978,19.37452168,14.62262683,19.15529337,0.587864063,0.622578863,0.736688171,0.60044881,0.165058291,0.143463048,0.181842648,0.159234025,1193.177987,1054.743463,739.332244,1117.78412,0.000891955,0.000737697,0.000905942,0.000866694,0.029865624,0.027160572,0.030098873,0.029439669,OILY
112,36.49494753,41.11761084,34.71032695,36.14778325,0.521932831,0.430941547,0.571918266,0.536473865,0.055956668,0.048281629,0.072868135,0.052183813,2699.092693,3207.251437,2481.983054,2612.501232,0.000195723,0.000191415,0.000233523,0.000199588,0.0139901,0.013835281,0.015281461,0.014127566,OILY
113,13.31281683,19.83239409,21.35203598,20.57209483,0.887137362,0.77224786,0.739266645,0.760927104,0.100887219,0.075650502,0.075527957,0.075914024,424.6811573,873.3256899,1000.062737,916.7832297,0.000209011,0.000153348,0.000144078,0.000145315,0.014457214,0.012383356,0.012003238,0.012054656,OILY
114,9.693987879,13.96365952,14.33039616,12.77742678,0.858269367,0.743391151,0.726819962,0.764185898,0.158386679,0.110158784,0.114986354,0.129590714,278.2040485,497.9307964,525.7851381,457.4168136,0.000365718,0.000258239,0.000253297,0.000293551,0.019123762,0.016069828,0.015915316,0.01713334,OILY
115,21.67607212,23.67494886,19.65350318,23.36905653,0.819107661,0.781484967,0.830064196,0.793351803,0.080984046,0.08637464,0.121135727,0.078350011,1027.618665,1244.136556,972.499461,1176.894078,0.000245685,0.000286749,0.000551646,0.000272972,0.015674328,0.016933677,0.023487139,0.016521878,OILY
116,17.24037736,23.42182663,24.13836634,23.9122807,0.840876728,0.735044506,0.694637488,0.693723854,0.075284006,0.065507928,0.075835958,0.074786888,756.5654088,1249.640609,1413.587376,1434.787152,0.000227641,0.00020077,0.000217013,0.000210156,0.015087787,0.014169349,0.014731362,0.014496752,OILY
117,13.48782244,14.70812536,14.52927408,16.13429582,0.939688291,0.926907809,0.9198378,0.907885806,0.102367569,0.094380528,0.102379048,0.08851091,423.789851,517.7375055,572.0190027,652.2219309,0.000141462,0.000138697,0.000146847,0.000131639,0.011893799,0.011776968,0.012118029,0.011473422,OILY
118,15.2975,22.27548049,22.26666667,20.83677927,0.894039126,0.769035408,0.76241159,0.794247142,0.07633945,0.062954056,0.06616856,0.068239948,472.1455,1043.69569,1097.606631,929.6568142,0.000173008,0.000149512,0.00014934,0.000155797,0.013153237,0.012227493,0.012220479,0.012481884,OILY
119,6.999125681,7.120369035,6.546039865,7.521760428,0.960949841,0.957476052,0.961121249,0.952584693,0.187169647,0.191735703,0.213975282,0.1827746,137.7817634,149.5294687,136.6800029,166.7202699,0.00035909,0.000358859,0.000398339,0.000341258,0.018949669,0.018943563,0.019958443,0.018473177,OILY
120,6.145229442,7.12508114,7.085096188,7.095750691,0.94328009,0.922497916,0.92283539,0.922353072,0.199780197,0.185975585,0.192688036,0.189887048,117.1046825,160.7448972,160.1181931,161.0405337,0.000580732,0.000532037,0.000564854,0.000554658,0.024098388,0.023065937,0.023766667,0.023551173,OILY
121,4.992211699,6.249762592,6.207838217,6.096514004,0.951078215,0.92003293,0.921299747,0.924107068,0.2491613,0.224881137,0.231565289,0.225237049,85.2859351,139.1635503,136.4483452,132.07677,0.000843422,0.000748328,0.000790108,0.000767525,0.029041732,0.027355591,0.028108867,0.027704236,OILY
122,8.00634105,8.711960572,8.058943844,8.570200745,0.926569237,0.912490309,0.921953163,0.915131557,0.169405067,0.160738637,0.182081895,0.161670493,173.3447651,206.7257303,185.2600591,200.5151521,0.0003909,0.000369133,0.000418617,0.000377547,0.019771186,0.01921284,0.020460139,0.01943058,OILY
123,4.563467197,5.229029931,4.513607724,4.841588532,0.989285186,0.984640289,0.987008885,0.987031756,0.256530605,0.234936241,0.275328903,0.251170308,55.84350587,80.28735425,68.31633166,67.79311516,0.000535956,0.000475353,0.000551563,0.000505791,0.023150734,0.021802602,0.023485372,0.022489787,OILY
124,7.579345186,8.989887607,8.143791476,8.275456786,0.974144988,0.960384544,0.964285307,0.966168248,0.162520807,0.151598896,0.186127789,0.160913732,152.9841817,235.1196508,213.2117882,200.7957056,0.000208169,0.000188964,0.000228566,0.000203542,0.01442807,0.013746421,0.015118401,0.014266831,OILY
125,6.8519238,7.682609088,7.247038284,7.312940257,0.970719893,0.960555407,0.963587789,0.963861192,0.185836699,0.177959612,0.193507889,0.182149538,138.0449663,186.4142235,172.656923,170.7888628,0.000299815,0.000281517,0.000307894,0.000291129,0.017315164,0.016778472,0.017546897,0.01706251,OILY
126,6.982850817,7.837074769,7.485550777,7.868109148,0.918173631,0.896376061,0.903967334,0.895109718,0.175999524,0.164927272,0.176365471,0.166446627,136.7807847,172.9969978,161.9930135,175.1198582,0.000579174,0.000541059,0.000575261,0.000550841,0.02406603,0.023260672,0.023984591,0.023470008,OILY
127,8.040439487,9.214508955,8.663714933,8.863496213,0.923158358,0.900870419,0.909302532,0.907249874,0.175054146,0.161234798,0.172175593,0.167786491,194.7430398,250.0914353,228.9730032,233.9566625,0.000408986,0.000376656,0.000402157,0.000393061,0.020223398,0.019407633,0.020053862,0.019825765,OILY
128,5.763205796,6.584222863,5.790781246,6.463397043,0.964039888,0.95450384,0.966086668,0.959070228,0.224521875,0.207528505,0.225304962,0.207335756,99.00223802,125.4852566,94.58311971,112.8993509,0.000521742,0.000475585,0.000519833,0.000472422,0.022841662,0.021807903,0.022799857,0.021735282,OILY
129,6.916820344,7.480634692,6.722682734,7.322003847,0.933158074,0.930685525,0.945988704,0.930487119,0.204185279,0.188699566,0.202153469,0.194284511,186.5611367,193.9541171,153.2647936,194.5187703,0.000489875,0.000449681,0.00048477,0.000463488,0.022133111,0.021205679,0.022017485,0.021528764,OILY
130,6.383366456,6.85480226,6.198420019,6.962564611,0.921259626,0.91683206,0.938046734,0.91077479,0.192783079,0.180771332,0.190865002,0.181977155,121.5239378,128.6636194,97.60376488,138.0698972,0.000547928,0.000510263,0.00054003,0.000514817,0.023407867,0.022589001,0.023238541,0.022689568,OILY
131,6.720080688,7.277966102,6.455232865,7.200444765,0.938481881,0.932758466,0.949403565,0.931541208,0.194673825,0.185180081,0.201490195,0.187179647,137.0544107,149.5420904,113.4062163,152.2510578,0.000507969,0.000478265,0.000527461,0.000489231,0.022538164,0.021869279,0.022966511,0.022118576,OILY
132,25.20331466,28.58701923,28.17066004,31.25408654,0.703219597,0.607069291,0.585194608,0.540443845,0.05067187,0.04795909,0.054155904,0.037423115,1202.935808,1573.465865,1657.592902,1838.96899,0.000243779,0.000240211,0.000256364,0.000236773,0.015613437,0.01549875,0.016011373,0.015387432,OILY
133,15.84000494,24.03813131,22.3885804,21.83005051,0.744064654,0.467343172,0.498374856,0.520732804,0.072845132,0.054222445,0.073369449,0.066535581,574.1120583,1209.803283,1137.399203,1088.179798,0.000240777,0.000185974,0.000208234,0.000202865,0.015516999,0.01363724,0.014430322,0.014243073,OILY
134,19.47110477,19.77354433,19.67864902,19.69571488,0.876126804,0.871205454,0.872236047,0.872184005,0.052639172,0.05241038,0.05244838,0.052522468,616.2806872,640.749272,635.4561921,635.854492,6.98E-05,6.89E-05,6.94E-05,6.93E-05,0.008354962,0.008301795,0.00832795,0.00832229,OILY
135,18.91012269,19.34867719,19.39762632,19.36546185,0.87655977,0.869501924,0.868724236,0.869188152,0.054097284,0.053126218,0.053191741,0.053118759,590.0265517,623.8920652,627.3816445,625.4124838,6.94E-05,6.83E-05,6.82E-05,6.83E-05,0.008331769,0.008266488,0.008261288,0.008262457,OILY
136,17.17857757,17.55414407,17.58670197,17.61290782,0.87198857,0.864620999,0.864760035,0.863521586,0.057878209,0.057128305,0.057230145,0.056953109,478.8233812,507.1647618,508.5789501,511.2491264,8.77E-05,8.63E-05,8.61E-05,8.62E-05,0.009362959,0.009292221,0.00927983,0.009283015,OILY
137,15.86263902,16.2160227,16.25705144,16.23153793,0.900926464,0.895041185,0.894692679,0.894817058,0.062715608,0.062118202,0.062175454,0.062120012,410.8654308,435.8191482,437.4355991,436.7143726,9.27E-05,9.14E-05,9.11E-05,9.13E-05,0.009628352,0.009557763,0.009546169,0.009553547,OILY
138,16.06711334,16.34669645,16.27711195,16.41769192,0.894427168,0.889433552,0.890658861,0.887733156,0.062325133,0.06176141,0.06234878,0.06173679,425.8789986,446.348204,442.8901346,453.2047556,8.90E-05,8.79E-05,8.81E-05,8.76E-05,0.009436502,0.009377179,0.009385507,0.009360041,OILY
139,14.66012495,14.92641563,14.94943419,14.99383941,0.914700715,0.910370704,0.910808389,0.909808327,0.067145669,0.066583998,0.066816497,0.066210613,350.9820529,368.8523217,368.7126899,371.145009,9.85E-05,9.73E-05,9.69E-05,9.68E-05,0.00992603,0.00986171,0.009841793,0.009839645,OILY
140,16.93728704,17.47634799,17.37781997,17.3912781,0.893607116,0.88565462,0.88816891,0.886899198,0.059761577,0.058363869,0.058462173,0.058435537,483.6710157,521.3004601,511.0946127,515.5942895,0.000102567,0.000100696,0.000100836,0.000100696,0.010127548,0.010034761,0.010041718,0.010034735,OILY
141,18.21415335,18.72301441,18.60593343,18.59180225,0.883357761,0.875402601,0.877236067,0.877131935,0.05603027,0.05481307,0.054855096,0.055058032,548.7367061,587.1235683,579.896469,578.9559295,8.70E-05,8.56E-05,8.59E-05,8.59E-05,0.009327554,0.009252891,0.00926993,0.009270775,OILY
142,11.5247212,12.15181269,12.32630408,12.31148916,0.936484097,0.925193861,0.923228344,0.922501131,0.086882016,0.084690325,0.084064758,0.084293777,236.8879276,279.7168068,287.5909637,289.7763607,0.000136376,0.00013213,0.000130696,0.000130799,0.011678002,0.01149477,0.011432246,0.01143675,OILY
143,12.29244873,12.75334268,12.72003177,12.73997046,0.919980384,0.911884452,0.91258927,0.911357779,0.080943733,0.079188223,0.079414445,0.07936404,258.5845911,285.217829,283.4108003,286.8995969,0.000128389,0.000125164,0.000125513,0.000125403,0.011330889,0.011187689,0.011203242,0.011198355,OILY
144,12.64901535,13.44266947,13.51439939,13.4233141,0.918728817,0.90125124,0.900071065,0.901919296,0.079339223,0.077425423,0.077441626,0.077237608,278.6041574,339.1455565,343.5648926,336.823504,0.00013845,0.000134474,0.000133964,0.000134171,0.011766485,0.011596291,0.011574291,0.01158321,OILY
145,13.61570465,14.28621283,14.36956127,14.31340013,0.876302432,0.856834033,0.855527984,0.85667202,0.073788245,0.071955801,0.072200058,0.072000127,321.513183,372.2022152,375.9630166,372.6052897,0.000135508,0.000132044,0.000131409,0.000131506,0.011640801,0.011491049,0.011463368,0.011467619,OILY
146,13.19523292,13.86903202,13.89312708,13.94713446,0.919386388,0.906457661,0.906034378,0.904910246,0.077279274,0.075780166,0.075858911,0.075603404,298.4171443,346.6573757,351.3496324,352.3868905,0.000123911,0.000120291,0.000119832,0.000119645,0.011131537,0.010967729,0.010946775,0.010938242,OILY
147,13.10711365,13.52805178,13.62047352,13.65113627,0.893946117,0.882689263,0.881293853,0.87964719,0.077551263,0.076142257,0.075773003,0.075666251,298.5455279,330.7849555,334.6856596,339.3499739,0.000144114,0.000141947,0.000141167,0.000140833,0.012004745,0.011914133,0.011881363,0.011867318,OILY
148,12.25597054,12.72733836,12.83184418,12.89102331,0.914377592,0.902668826,0.901530489,0.899682227,0.083450902,0.082211827,0.081449334,0.081119216,268.1688231,304.8360542,309.1030424,314.1855701,0.000175746,0.00017295,0.000172824,0.000172264,0.013256915,0.013151048,0.013146242,0.01312495,OILY
149,10.28100563,11.08595712,11.19264145,11.13821297,0.946445954,0.932726286,0.931089487,0.932655366,0.101902343,0.098000449,0.098866319,0.097947034,201.7147539,253.7398749,260.2862602,254.0064412,0.000204606,0.000199038,0.000199238,0.000198074,0.014304045,0.014108099,0.014115163,0.014073879,OILY
150,14.32195512,15.01387726,15.15928896,15.12629218,0.918620073,0.906630747,0.904494193,0.904248116,0.07223478,0.070519623,0.070099933,0.069911754,357.3963753,409.9759157,420.7064085,420.4485571,0.000115455,0.00011314,0.000112581,0.000112638,0.010744995,0.010636717,0.010610401,0.010613119,OILY
151,13.89094874,14.37857321,14.247941,14.30175384,0.901654194,0.891302984,0.893550339,0.89154655,0.074041416,0.072291282,0.073888412,0.073292749,331.6980986,366.5131508,360.2663676,365.6672642,0.000121242,0.000118933,0.000119895,0.000119702,0.011011014,0.010905652,0.010949642,0.010940822,OILY
152,10.37391462,10.77172436,10.37350378,10.79123139,0.959419021,0.954233761,0.958322324,0.95363742,0.10386523,0.102922646,0.106046448,0.103018408,211.3118113,237.98669,216.8864962,241.0814466,0.000154406,0.000152051,0.000156048,0.000151544,0.012426036,0.012330898,0.012491907,0.012310337,OILY
153,10.29550153,10.60230347,10.72009834,10.81912089,0.943939959,0.937834512,0.935998719,0.934493888,0.099039607,0.098072598,0.097959288,0.096577888,193.1145155,214.3046233,220.70641,225.8147014,0.000165092,0.000163691,0.000162963,0.000161229,0.012848831,0.012794187,0.012765698,0.012697582,OILY
154,10.92713568,11.53765515,11.28400454,11.42407849,0.940298704,0.930495523,0.933509308,0.932450128,0.09508515,0.092602746,0.094774928,0.093695705,221.2108244,256.6266365,245.24818,249.4152425,0.000168917,0.000165871,0.000170195,0.000167148,0.012996806,0.012879076,0.013045882,0.012928558,OILY
155,10.17455596,10.57234072,10.27294705,10.52512163,0.948202181,0.942465469,0.94620601,0.943436475,0.102671944,0.10048408,0.103073597,0.100498671,189.803753,211.0870097,198.2390832,207.5378129,0.000175989,0.000172887,0.000176215,0.000172449,0.013266089,0.013148647,0.013274597,0.013131998,OILY
156,10.72086106,11.35904949,11.18155219,11.3180638,0.938248626,0.928191417,0.931379923,0.928874708,0.097774221,0.094617049,0.096380886,0.095157412,218.9124406,255.1091102,245.2640968,252.6855579,0.000226604,0.000220053,0.000221405,0.000220673,0.015053379,0.014834169,0.014879693,0.014855065,OILY
157,10.48241508,11.25240388,11.23353253,11.2555691,0.922564861,0.90734158,0.909478562,0.908126536,0.098397768,0.095108291,0.09467165,0.094998011,210.5740927,252.6688521,247.3520197,250.5422991,0.000226942,0.000221177,0.000222149,0.000220856,0.015064596,0.014872022,0.014904675,0.014861211,OILY
158,11.00027012,11.74414273,11.57289259,11.5009934,0.92921436,0.915969605,0.918849254,0.920237617,0.09683635,0.09327294,0.095259846,0.094971327,234.2757496,278.6130049,270.6807927,264.4541413,0.000226506,0.00022016,0.000222294,0.000222299,0.015050113,0.014837805,0.014909527,0.014909687,OILY
